{
  "project_info": {
    "project_number": "869232821699",
    "project_id": "admin-a4c7d",
    "storage_bucket": "admin-a4c7d.firebasestorage.app"
  },
  "client": [
    {
      "client_info": {
        "mobilesdk_app_id": "1:869232821699:android:c3d28d87d7a6f82db0e976",
        "android_client_info": {
          "package_name": "com.zouiri.news"
        }
      },
      "oauth_client": [
        {
          "client_id": "869232821699-fa2hottekop3tbhvgec4mea1mgf6lerj.apps.googleusercontent.com",
          "client_type": 1,
          "android_info": {
            "package_name": "com.zouiri.news",
            "certificate_hash": "0ac087b46836428f6ac58ae59846b0d2f5924310"
          }
        },
        {
          "client_id": "869232821699-nhomsv2tmv7c66q4ncsnln23233gf26u.apps.googleusercontent.com",
          "client_type": 1,
          "android_info": {
            "package_name": "com.zouiri.news",
            "certificate_hash": "a2f44df9906604831903f168dbf0b9af69872c4c"
          }
        },
        {
          "client_id": "869232821699-bi6t7kitngm93upeaci5iknvuj4koqq6.apps.googleusercontent.com",
          "client_type": 3
        }
      ],
      "api_key": [
        {
          "current_key": "AIzaSyB5LK4oQKqR7htKnphNPl-bnbtoFFU2FTo"
        }
      ],
      "services": {
        "appinvite_service": {
          "other_platform_oauth_client": [
            {
              "client_id": "869232821699-bi6t7kitngm93upeaci5iknvuj4koqq6.apps.googleusercontent.com",
              "client_type": 3
            },
            {
              "client_id": "869232821699-494tje70r5c4889l8bc05alcgef9612a.apps.googleusercontent.com",
              "client_type": 2,
              "ios_info": {
                "bundle_id": "com.zouiri.newsapp"
              }
            }
          ]
        }
      }
    }
  ],
  "configuration_version": "1"
}